hist_mer_numerical_1_skew_mean,325540
hist_mer_active_months_lag12_skew_mean,325540
hist_mer_active_months_lag12_var_mean,325540
hist_mer_active_months_lag3_skew_mean,325540
hist_mer_max_purchases_var_mean,325540
hist_mer_max_purchases_skew_mean,325540
hist_mer_active_months_lag3_var_mean,325540
hist_mer_active_months_lag6_skew_mean,325540
hist_mer_max_active_months_var_mean,325540
hist_mer_max_active_months_skew_mean,325540
hist_mer_avg_active_months_skew_mean,325540
hist_mer_avg_active_months_var_mean,325540
hist_mer_avg_numerical_skew_mean,325540
hist_mer_avg_numerical_var_mean,325540
hist_mer_avg_purchases_lag12_skew_mean,325540
hist_mer_avg_purchases_lag12_var_mean,325540
hist_mer_avg_purchases_lag3_skew_mean,325540
hist_mer_avg_purchases_lag3_var_mean,325540
hist_mer_avg_purchases_lag6_skew_mean,325540
hist_mer_avg_purchases_lag6_var_mean,325540
hist_mer_avg_sales_var_mean,325540
hist_mer_avg_purchases_skew_mean,325540
hist_mer_avg_purchases_var_mean,325540
hist_mer_avg_sales_skew_mean,325540
hist_mer_avg_sales_lag12_skew_mean,325540
hist_mer_avg_sales_lag12_var_mean,325540
hist_mer_avg_sales_lag6_var_mean,325540
hist_mer_avg_sales_lag6_skew_mean,325540
hist_mer_avg_sales_lag3_skew_mean,325540
hist_mer_numerical_1_var_mean,325540
hist_mer_avg_sales_lag3_var_mean,325540
hist_mer_max_sales_skew_mean,325540
hist_mer_active_months_lag6_var_mean,325540
hist_mer_min_purchases_var_mean,325540
hist_mer_min_active_months_skew_mean,325540
hist_mer_min_active_months_var_mean,325540
hist_mer_max_sales_var_mean,325540
hist_mer_min_sales_var_mean,325540
hist_mer_numerical_2_skew_mean,325540
hist_mer_min_sales_skew_mean,325540
hist_mer_numerical_2_var_mean,325540
hist_mer_min_purchases_skew_mean,325540
hist_amount_month_ratio_approved_skew,325534
hist_amount_month_ratio_var,325534
hist_amount_month_ratio_skew,325534
hist_amount_month_ratio_approved_var,325534
hist_mer_category_1_sum_mean,325533
hist_mer_category_2_1_mean_mean,325533
hist_mer_category_2_-1_mean_mean,325533
hist_mer_category_2_-1_sum_mean,325533
hist_mer_category_2_1_sum_mean,325533
hist_mer_category_2_2_mean_mean,325533
hist_mer_category_1_mean_mean,325533
hist_mer_max_sales_sum_mean,325533
hist_mer_min_purchases_sum_mean,325533
hist_mer_category_2_2_sum_mean,325533
hist_mer_avg_sales_sum_mean,325533
hist_mer_min_sales_max_mean,325533
hist_mer_min_sales_mean_mean,325533
hist_mer_avg_sales_min_mean,325533
hist_mer_avg_sales_mean_mean,325533
hist_mer_min_sales_min_mean,325533
hist_mer_avg_sales_max_mean,325533
hist_mer_min_sales_sum_mean,325533
hist_mer_avg_sales_lag6_sum_mean,325533
hist_mer_numerical_1_max_mean,325533
hist_mer_numerical_1_mean_mean,325533
hist_mer_numerical_1_min_mean,325533
hist_mer_min_purchases_min_mean,325533
hist_mer_category_2_4_mean_mean,325533
hist_mer_category_2_3_mean_mean,325533
hist_mer_avg_sales_lag6_mean_mean,325533
hist_mer_merchant_category_id_nunique_mean,325533
hist_mer_max_sales_min_mean,325533
hist_mer_max_sales_mean_mean,325533
hist_mer_max_sales_max_mean,325533
hist_mer_merchant_group_id_nunique_mean,325533
hist_mer_max_purchases_sum_mean,325533
hist_mer_min_active_months_max_mean,325533
hist_mer_min_active_months_mean_mean,325533
hist_mer_max_purchases_min_mean,325533
hist_mer_max_purchases_mean_mean,325533
hist_mer_max_purchases_max_mean,325533
hist_mer_min_active_months_min_mean,325533
hist_mer_max_active_months_sum_mean,325533
hist_mer_category_2_3_sum_mean,325533
hist_mer_min_active_months_sum_mean,325533
hist_mer_max_active_months_min_mean,325533
hist_mer_max_active_months_mean_mean,325533
hist_mer_max_active_months_max_mean,325533
hist_mer_city_id_nunique_mean,325533
hist_mer_category_4_sum_mean,325533
hist_mer_category_4_mean_mean,325533
hist_mer_min_purchases_max_mean,325533
hist_mer_category_2_5_sum_mean,325533
hist_mer_category_2_5_mean_mean,325533
hist_mer_category_2_4_sum_mean,325533
hist_mer_min_purchases_mean_mean,325533
hist_mer_avg_sales_lag6_min_mean,325533
hist_mer_avg_sales_lag3_sum_mean,325533
hist_mer_avg_sales_lag6_max_mean,325533
hist_mer_active_months_lag3_max_mean,325533
hist_mer_avg_active_months_mean_mean,325533
hist_mer_avg_active_months_max_mean,325533
hist_mer_active_months_lag6_sum_mean,325533
hist_mer_active_months_lag6_min_mean,325533
hist_mer_avg_sales_lag3_min_mean,325533
hist_mer_active_months_lag6_max_mean,325533
hist_mer_active_months_lag3_sum_mean,325533
hist_mer_numerical_2_max_mean,325533
hist_mer_numerical_2_mean_mean,325533
hist_mer_active_months_lag3_min_mean,325533
hist_mer_active_months_lag3_mean_mean,325533
hist_mer_active_months_lag12_sum_mean,325533
hist_mer_avg_active_months_sum_mean,325533
hist_mer_active_months_lag12_min_mean,325533
hist_mer_active_months_lag12_mean_mean,325533
hist_mer_active_months_lag12_max_mean,325533
hist_amount_month_ratio_unapproved_var,325533
hist_amount_month_ratio_unapproved_skew,325533
hist_mer_numerical_2_min_mean,325533
hist_mer_numerical_2_sum_mean,325533
hist_mer_state_id_nunique_mean,325533
hist_mer_subsector_id_nunique_mean,325533
hist_mer_sum_category_mean_mean,325533
hist_mer_sum_category_sum_mean,325533
hist_mer_avg_active_months_min_mean,325533
hist_mer_active_months_lag6_mean_mean,325533
hist_mer_avg_numerical_max_mean,325533
hist_mer_avg_purchases_lag6_min_mean,325533
hist_mer_avg_sales_lag3_mean_mean,325533
hist_mer_avg_sales_lag3_max_mean,325533
hist_mer_avg_sales_lag12_sum_mean,325533
hist_mer_avg_sales_lag12_min_mean,325533
hist_mer_avg_sales_lag12_mean_mean,325533
hist_mer_avg_sales_lag12_max_mean,325533
hist_mer_numerical_1_sum_mean,325533
hist_mer_avg_numerical_mean_mean,325533
hist_mer_avg_purchases_min_mean,325533
hist_mer_avg_purchases_mean_mean,325533
hist_mer_avg_purchases_max_mean,325533
hist_mer_avg_purchases_lag6_sum_mean,325533
hist_mer_avg_purchases_sum_mean,325533
hist_mer_avg_purchases_lag6_mean_mean,325533
hist_mer_avg_purchases_lag12_sum_mean,325533
hist_mer_avg_numerical_min_mean,325533
hist_mer_avg_numerical_sum_mean,325533
hist_mer_avg_purchases_lag12_max_mean,325533
hist_mer_avg_purchases_lag12_mean_mean,325533
hist_mer_avg_purchases_lag12_min_mean,325533
hist_mer_avg_purchases_lag3_sum_mean,325533
hist_mer_avg_purchases_lag3_max_mean,325533
hist_mer_avg_purchases_lag3_mean_mean,325533
hist_mer_avg_purchases_lag3_min_mean,325533
hist_mer_avg_purchases_lag6_max_mean,325533
hist_price_var,325527
hist_price_skew,325527
unapproved_duration_month_diff_ratio,325522
amount_month_ratio_mean,325522
hist_amount_month_ratio_mean,325518
hist_amount_month_ratio_approved_sum,325518
hist_amount_month_ratio_approved_mean,325518
hist_amount_month_ratio_sum,325518
amount_month_ratio_max,325514
hist_amount_month_ratio_unapproved_mean,325512
hist_amount_month_ratio_unapproved_sum,325512
hist_price_sum,325511
hist_price_mean,325511
installments_ratio,325511
CLV_ratio,325507
price_mean,325506
installments_mean,325506
installments_max,325506
price_max,325506
month_lag_min,325505
card_id_cnt_ratio,325505
month_lag_max,325505
month_diff_min,325505
month_diff_max,325505
installments_total,325505
Mothers_Day_2018,325505
amount_month_ratio_min,325505
card_id_total,325505
card_id_cnt_total,325505
category_1_mean,325505
category_1_min,325505
category_2_mean,325505
category_3_mean,325505
duration_max,325505
duration_mean,325505
duration_min,325505
duration_purchase_date_ratio,325505
month_lag_mean,325505
month_diff_mean,325505
purchase_amount_ratio,325505
price_total,325505
purchase_amount_max,325505
purchase_amount_mean,325505
purchase_amount_min,325505
purchase_amount_total,325505
hist_month_diff_approved_min,325503
hist_mer_max_purchases_sum_sum,325503
hist_mer_max_purchases_skew_sum,325503
hist_mer_max_purchases_min_sum,325503
hist_mer_max_purchases_mean_sum,325503
hist_mer_max_purchases_max_sum,325503
hist_mer_max_active_months_var_sum,325503
hist_mer_max_active_months_sum_sum,325503
hist_mer_max_sales_max_sum,325503
hist_mer_max_active_months_skew_sum,325503
hist_mer_max_active_months_min_sum,325503
hist_mer_max_active_months_mean_sum,325503
hist_mer_max_active_months_max_sum,325503
hist_mer_city_id_nunique_sum,325503
hist_mer_category_4_sum_sum,325503
hist_mer_category_4_mean_sum,325503
hist_mer_category_2_5_sum_sum,325503
hist_mer_category_2_5_mean_sum,325503
hist_mer_category_2_4_sum_sum,325503
hist_mer_max_purchases_var_sum,325503
hist_mer_max_sales_skew_sum,325503
hist_mer_max_sales_mean_sum,325503
hist_mer_max_sales_min_sum,325503
hist_purchase_date_diff,325503
hist_mer_merchant_group_id_nunique_sum,325503
hist_purchase_date_uptomin,325503
hist_purchase_date_uptonow,325503
hist_subsector_id_nunique,325503
hist_weekday_max,325503
hist_weekday_mean,325503
hist_weekday_min,325503
hist_weekday_nunique,325503
hist_weekofyear_max,325503
hist_weekofyear_mean,325503
hist_weekofyear_min,325503
hist_weekofyear_nunique,325503
hist_mer_merchant_category_id_nunique_sum,325503
hist_mer_max_sales_var_sum,325503
hist_mer_max_sales_sum_sum,325503
hist_mer_category_2_3_sum_sum,325503
hist_mer_category_2_4_mean_sum,325503
hist_mer_category_2_3_mean_sum,325503
hist_purchase_amount_var,325503
hist_mer_avg_purchases_skew_sum,325503
hist_mer_avg_sales_lag3_max_sum,325503
hist_mer_avg_sales_lag12_var_sum,325503
hist_mer_min_purchases_sum_sum,325503
hist_mer_avg_sales_lag12_skew_sum,325503
hist_mer_avg_sales_lag12_min_sum,325503
hist_mer_avg_sales_lag12_mean_sum,325503
hist_mer_avg_sales_lag12_max_sum,325503
hist_mer_avg_purchases_var_sum,325503
hist_mer_avg_purchases_sum_sum,325503
hist_mer_avg_purchases_min_sum,325503
hist_mer_avg_sales_lag3_min_sum,325503
hist_mer_avg_purchases_mean_sum,325503
hist_mer_avg_purchases_max_sum,325503
hist_mer_avg_purchases_lag6_var_sum,325503
hist_mer_avg_purchases_lag6_sum_sum,325503
hist_mer_avg_purchases_lag6_skew_sum,325503
hist_mer_avg_purchases_lag6_min_sum,325503
hist_mer_avg_purchases_lag6_mean_sum,325503
hist_mer_avg_purchases_lag6_max_sum,325503
hist_mer_avg_purchases_lag3_var_sum,325503
hist_mer_avg_sales_lag3_mean_sum,325503
hist_mer_avg_sales_lag3_skew_sum,325503
hist_mer_category_2_2_sum_sum,325503
hist_mer_avg_sales_skew_sum,325503
hist_mer_category_2_2_mean_sum,325503
hist_mer_category_2_1_sum_sum,325503
hist_mer_category_2_1_mean_sum,325503
hist_mer_category_2_-1_sum_sum,325503
hist_mer_category_2_-1_mean_sum,325503
hist_mer_category_1_sum_sum,325503
hist_mer_category_1_mean_sum,325503
hist_mer_avg_sales_var_sum,325503
hist_mer_avg_sales_sum_sum,325503
hist_mer_avg_sales_min_sum,325503
hist_mer_avg_sales_lag3_sum_sum,325503
hist_mer_avg_sales_mean_sum,325503
hist_mer_avg_sales_max_sum,325503
hist_mer_avg_sales_lag6_var_sum,325503
hist_mer_avg_sales_lag6_sum_sum,325503
hist_mer_avg_sales_lag6_skew_sum,325503
hist_mer_avg_sales_lag6_min_sum,325503
hist_mer_avg_sales_lag6_mean_sum,325503
hist_mer_avg_sales_lag6_max_sum,325503
hist_mer_avg_sales_lag3_var_sum,325503
hist_purchase_date_average,325503
hist_purchase_amount_unapproved_var,325503
hist_mer_avg_purchases_lag3_skew_sum,325503
hist_month_diff_approved_max,325503
hist_mer_min_active_months_skew_sum,325503
hist_mer_numerical_2_var_sum,325503
hist_mer_state_id_nunique_sum,325503
hist_mer_subsector_id_nunique_sum,325503
hist_mer_min_active_months_min_sum,325503
hist_mer_sum_category_mean_sum,325503
hist_mer_sum_category_sum_sum,325503
hist_merchant_category_id_nunique,325503
hist_merchant_id_nunique,325503
hist_month_diff_approved_mean,325503
hist_mer_numerical_2_skew_sum,325503
hist_mer_min_active_months_mean_sum,325503
hist_month_diff_approved_skew,325503
hist_month_diff_approved_sum,325503
hist_month_diff_approved_var,325503
hist_month_diff_max,325503
hist_month_diff_mean,325503
hist_month_diff_min,325503
hist_month_diff_skew,325503
hist_month_diff_sum,325503
hist_mer_numerical_2_sum_sum,325503
hist_mer_numerical_2_min_sum,325503
hist_month_diff_unapproved_mean,325503
hist_mer_min_sales_var_sum,325503
hist_mer_min_purchases_var_sum,325503
hist_mer_min_purchases_skew_sum,325503
hist_mer_min_sales_max_sum,325503
hist_mer_min_sales_mean_sum,325503
hist_mer_min_purchases_min_sum,325503
hist_mer_min_sales_min_sum,325503
hist_mer_min_sales_skew_sum,325503
hist_mer_min_purchases_mean_sum,325503
hist_mer_min_sales_sum_sum,325503
hist_mer_numerical_1_max_sum,325503
hist_mer_numerical_2_mean_sum,325503
hist_mer_min_purchases_max_sum,325503
hist_mer_numerical_1_mean_sum,325503
hist_mer_numerical_1_min_sum,325503
hist_mer_min_active_months_var_sum,325503
hist_mer_numerical_1_skew_sum,325503
hist_mer_numerical_1_sum_sum,325503
hist_mer_numerical_1_var_sum,325503
hist_mer_numerical_2_max_sum,325503
hist_mer_min_active_months_sum_sum,325503
hist_month_diff_unapproved_max,325503
hist_month_diff_unapproved_min,325503
hist_purchase_amount_unapproved_sum,325503
hist_purchase_amount_approved_var,325503
hist_month_nunique,325503
hist_price_max,325503
hist_price_min,325503
hist_mer_min_active_months_max_sum,325503
hist_purchase_amount_approved_max,325503
hist_purchase_amount_approved_mean,325503
hist_purchase_amount_approved_min,325503
hist_purchase_amount_approved_skew,325503
hist_purchase_amount_approved_sum,325503
hist_purchase_amount_max,325503
hist_month_mean,325503
hist_purchase_amount_mean,325503
hist_purchase_amount_min,325503
hist_purchase_amount_outlier_mean,325503
hist_purchase_amount_skew,325503
hist_purchase_amount_sum,325503
hist_purchase_amount_unapproved_max,325503
hist_purchase_amount_unapproved_mean,325503
hist_purchase_amount_unapproved_min,325503
hist_purchase_amount_unapproved_skew,325503
hist_month_min,325503
hist_month_max,325503
hist_month_diff_unapproved_skew,325503
hist_month_lag_max,325503
hist_month_diff_unapproved_sum,325503
hist_month_diff_unapproved_var,325503
hist_month_diff_var,325503
hist_month_lag_approved_max,325503
hist_month_lag_approved_mean,325503
hist_month_lag_approved_min,325503
hist_month_lag_approved_skew,325503
hist_month_lag_approved_sum,325503
hist_month_lag_approved_var,325503
hist_month_lag_mean,325503
hist_month_lag_var,325503
hist_month_lag_min,325503
hist_month_lag_skew,325503
hist_month_lag_sum,325503
hist_month_lag_unapproved_max,325503
hist_month_lag_unapproved_mean,325503
hist_month_lag_unapproved_min,325503
hist_month_lag_unapproved_skew,325503
hist_month_lag_unapproved_sum,325503
hist_month_lag_unapproved_var,325503
hist_mer_avg_purchases_lag3_sum_sum,325503
hist_mer_avg_sales_lag12_sum_sum,325503
hist_mer_avg_active_months_sum_sum,325503
hist_day_min,325503
hist_duration_unapproved_max,325503
hist_duration_unapproved_mean,325503
hist_mer_avg_active_months_mean_sum,325503
hist_duration_unapproved_min,325503
hist_duration_unapproved_skew,325503
hist_mer_avg_active_months_max_sum,325503
hist_duration_unapproved_sum,325503
hist_duration_unapproved_var,325503
hist_duration_var,325503
hist_mer_active_months_lag6_var_sum,325503
hist_fathers_day_2017_mean,325503
hist_first_buy,325503
hist_mer_active_months_lag6_sum_sum,325503
hist_hour_max,325503
hist_hour_mean,325503
hist_mer_avg_active_months_min_sum,325503
hist_duration_sum,325503
hist_duration_skew,325503
hist_mer_avg_active_months_var_sum,325503
hist_day_nunique,325503
hist_duration_approved_max,325503
hist_mer_avg_numerical_mean_sum,325503
hist_duration_approved_mean,325503
hist_mer_avg_numerical_max_sum,325503
hist_duration_approved_min,325503
hist_duration_approved_skew,325503
hist_mer_avg_active_months_skew_sum,325503
hist_duration_approved_sum,325503
hist_duration_approved_var,325503
hist_installments_unapproved_sum,325503
hist_duration_max,325503
hist_duration_mean,325503
hist_duration_min,325503
hist_hour_min,325503
hist_mer_active_months_lag6_skew_sum,325503
hist_hour_nunique,325503
hist_mer_active_months_lag12_skew_sum,325503
hist_installments_unapproved_mean,325503
hist_mer_active_months_lag3_mean_sum,325503
hist_installments_unapproved_min,325503
hist_mer_active_months_lag3_max_sum,325503
hist_mer_active_months_lag12_var_sum,325503
hist_mer_active_months_lag12_sum_sum,325503
hist_mer_active_months_lag12_min_sum,325503
hist_installments_unapproved_max,325503
hist_mer_active_months_lag12_mean_sum,325503
hist_mer_active_months_lag12_max_sum,325503
hist_last_buy,325503
hist_installments_unapproved_skew,325503
hist_is_holiday_mean,325503
hist_installments_var,325503
hist_mer_active_months_lag3_min_sum,325503
hist_mer_active_months_lag3_skew_sum,325503
hist_mer_active_months_lag6_min_sum,325503
hist_mer_active_months_lag6_max_sum,325503
hist_installments_approved_max,325503
hist_installments_approved_mean,325503
hist_mer_active_months_lag6_mean_sum,325503
hist_installments_approved_min,325503
hist_installments_approved_skew,325503
hist_installments_approved_sum,325503
hist_installments_approved_var,325503
hist_installments_sum,325503
hist_installments_max,325503
hist_mer_active_months_lag3_var_sum,325503
hist_installments_mean,325503
hist_installments_min,325503
hist_installments_skew,325503
hist_mer_active_months_lag3_sum_sum,325503
hist_mer_avg_numerical_min_sum,325503
hist_installments_unapproved_var,325503
hist_day_mean,325503
hist_amount_month_ratio_approved_max,325503
hist_mer_avg_purchases_lag12_mean_sum,325503
hist_Mothers_Day_2017_mean,325503
hist_category_1_min,325503
hist_category_1_mean,325503
hist_category_1_approved_mean,325503
hist_Mothers_Day_2018_mean,325503
hist_card_id_size,325503
hist_Valentine_Day_2017_mean,325503
hist_mer_avg_purchases_lag3_mean_sum,325503
hist_mer_avg_purchases_lag12_min_sum,325503
hist_card_id_count,325503
hist_category_2_approved_mean,325503
hist_authorized_flag_sum,325503
hist_mer_avg_purchases_lag12_skew_sum,325503
hist_amount_month_ratio_approved_min,325503
hist_authorized_flag_mean,325503
hist_mer_avg_purchases_lag12_sum_sum,325503
hist_amount_month_ratio_max,325503
hist_amount_month_ratio_unapproved_min,325503
hist_amount_month_ratio_unapproved_max,325503
hist_amount_month_ratio_min,325503
hist_mer_avg_purchases_lag12_var_sum,325503
hist_category_1_unapproved_mean,325503
hist_mer_avg_purchases_lag3_max_sum,325503
hist_category_2_mean,325503
hist_mer_avg_numerical_var_sum,325503
hist_Black_Friday_2017_mean,325503
hist_mer_avg_numerical_skew_sum,325503
hist_day_max,325503
hist_CLV,325503
hist_category_3_unapproved_mean,325503
hist_mer_avg_numerical_sum_sum,325503
hist_category_3_mean_mean,325503
hist_mer_avg_purchases_lag12_max_sum,325503
hist_mer_avg_purchases_lag3_min_sum,325503
hist_category_3_approved_mean,325503
hist_category_3_mean,325503
hist_category_2_unapproved_mean,325503
hist_category_2_mean_mean,325503
hist_Christmas_Day_2017_mean,325503
hist_Children_day_2017_mean,325503
new_mer_avg_numerical_skew_mean,323927
new_mer_min_active_months_skew_mean,323927
new_mer_avg_sales_lag12_skew_mean,323927
new_mer_numerical_1_skew_mean,323927
new_mer_max_active_months_skew_mean,323927
new_mer_active_months_lag12_skew_mean,323927
new_mer_numerical_2_skew_mean,323927
new_mer_avg_purchases_lag12_skew_mean,323927
new_mer_avg_sales_skew_mean,323927
new_mer_min_purchases_skew_mean,323927
new_mer_max_purchases_skew_mean,323927
new_mer_avg_purchases_lag6_skew_mean,323927
new_mer_active_months_lag3_skew_mean,323927
new_mer_min_sales_skew_mean,323927
new_mer_avg_sales_lag3_skew_mean,323927
new_mer_active_months_lag6_skew_mean,323927
new_mer_avg_sales_lag6_skew_mean,323927
new_mer_max_sales_skew_mean,323927
new_mer_avg_active_months_skew_mean,323927
new_mer_avg_purchases_lag3_skew_mean,323927
new_mer_avg_purchases_skew_mean,323927
new_mer_avg_purchases_lag6_var_mean,274076
new_mer_min_purchases_var_mean,274076
new_mer_active_months_lag12_var_mean,274076
new_mer_avg_purchases_var_mean,274076
new_mer_avg_purchases_lag3_var_mean,274076
new_mer_avg_purchases_lag12_var_mean,274076
new_mer_max_active_months_var_mean,274076
new_mer_active_months_lag3_var_mean,274076
new_mer_active_months_lag6_var_mean,274076
new_mer_numerical_2_var_mean,274076
new_mer_max_sales_var_mean,274076
new_mer_avg_sales_var_mean,274076
new_mer_avg_sales_lag12_var_mean,274076
new_mer_max_purchases_var_mean,274076
new_mer_numerical_1_var_mean,274076
new_mer_min_active_months_var_mean,274076
new_mer_avg_active_months_var_mean,274076
new_mer_avg_numerical_var_mean,274076
new_mer_min_sales_var_mean,274076
new_mer_avg_sales_lag3_var_mean,274076
new_mer_avg_sales_lag6_var_mean,274076
new_amount_month_ratio_skew,267257
new_amount_month_ratio_var,255586
new_price_skew,221621
new_price_var,201433
target,123623
outliers,123623
new_installments_skew,120457
new_purchase_amount_skew,116121
new_duration_skew,116121
new_month_lag_skew,116121
new_month_diff_skew,116121
new_installments_var,82267
new_month_diff_var,78549
new_duration_var,78549
new_purchase_amount_var,78549
new_month_lag_var,78549
new_amount_month_ratio_mean,71928
new_amount_month_ratio_sum,71928
new_price_mean,49982
new_price_sum,47753
new_price_max,37768
new_installments_min,37768
new_installments_mean,37768
new_installments_max,37768
new_price_min,37768
new_mer_max_sales_min_mean,35565
new_mer_min_sales_max_mean,35565
new_mer_max_sales_max_mean,35565
new_mer_avg_sales_lag3_mean_mean,35565
new_mer_avg_sales_mean_mean,35565
new_mer_avg_sales_lag3_max_mean,35565
new_mer_min_sales_min_mean,35565
new_mer_avg_sales_max_mean,35565
new_mer_min_sales_mean_mean,35565
new_mer_avg_sales_lag6_max_mean,35565
new_mer_avg_sales_min_mean,35565
new_mer_max_sales_mean_mean,35565
new_mer_avg_sales_lag12_min_mean,35565
new_mer_avg_sales_lag12_mean_mean,35565
new_mer_avg_sales_lag12_max_mean,35565
new_mer_avg_sales_lag6_mean_mean,35565
new_mer_avg_sales_lag6_min_mean,35565
new_mer_avg_sales_lag3_min_mean,35565
new_purchase_amount_outlier_sum,35539
new_mer_min_active_months_sum_mean,35539
new_mer_sum_category_sum_mean,35539
new_mer_sum_category_sum_sum,35539
new_mer_min_purchases_max_sum,35539
new_mer_sum_category_mean_sum,35539
new_mer_sum_category_mean_mean,35539
new_mer_subsector_id_nunique_sum,35539
new_merchant_category_id_nunique,35539
new_mer_subsector_id_nunique_mean,35539
new_mer_min_active_months_sum_sum,35539
new_mer_state_id_nunique_sum,35539
new_mer_state_id_nunique_mean,35539
new_mer_numerical_2_var_sum,35539
new_mer_numerical_2_sum_sum,35539
new_purchase_date_average,35539
new_purchase_amount_sum,35539
new_purchase_amount_min,35539
new_purchase_amount_outlier_mean,35539
new_merchant_id_nunique,35539
new_month_nunique,35539
new_month_min,35539
new_mer_min_active_months_mean_sum,35539
new_mer_min_active_months_min_mean,35539
new_month_mean,35539
new_month_max,35539
new_mer_min_active_months_min_sum,35539
new_month_lag_sum,35539
new_month_lag_min,35539
new_month_lag_mean,35539
new_purchase_amount_max,35539
new_month_lag_max,35539
new_purchase_amount_mean,35539
new_month_diff_sum,35539
new_month_diff_min,35539
new_mer_numerical_2_skew_sum,35539
new_month_diff_mean,35539
new_month_diff_max,35539
new_mer_min_active_months_skew_sum,35539
new_mer_numerical_2_sum_mean,35539
new_mer_numerical_2_max_mean,35539
new_purchase_date_diff,35539
new_mer_min_purchases_max_mean,35539
new_weekend_mean,35539
new_mer_min_sales_sum_mean,35539
new_mer_min_sales_skew_sum,35539
new_weekend_sum,35539
new_mer_min_sales_min_sum,35539
new_weekofyear_max,35539
new_mer_min_sales_mean_sum,35539
new_mer_min_active_months_var_sum,35539
new_weekofyear_mean,35539
new_mer_min_sales_max_sum,35539
new_mer_min_sales_var_sum,35539
new_weekofyear_min,35539
new_mer_min_purchases_var_sum,35539
new_mer_min_purchases_sum_sum,35539
new_weekofyear_nunique,35539
new_mer_min_purchases_sum_mean,35539
new_mer_min_purchases_skew_sum,35539
new_mer_min_purchases_min_sum,35539
new_mer_min_purchases_min_mean,35539
new_mer_min_purchases_mean_sum,35539
new_mer_min_sales_sum_sum,35539
new_weekday_nunique,35539
new_mer_numerical_2_min_sum,35539
new_subsector_id_nunique,35539
new_mer_numerical_2_min_mean,35539
new_mer_numerical_2_mean_sum,35539
new_purchase_date_uptomin,35539
new_mer_numerical_2_mean_mean,35539
new_mer_numerical_2_max_sum,35539
new_mer_min_purchases_mean_mean,35539
new_purchase_date_uptonow,35539
new_mer_numerical_1_var_sum,35539
new_mer_numerical_1_sum_sum,35539
new_mer_numerical_1_sum_mean,35539
new_mer_numerical_1_max_mean,35539
new_mer_numerical_1_skew_sum,35539
new_weekday_max,35539
new_mer_numerical_1_min_sum,35539
new_weekday_mean,35539
new_mer_numerical_1_min_mean,35539
new_mer_numerical_1_mean_sum,35539
new_weekday_min,35539
new_mer_numerical_1_mean_mean,35539
new_mer_numerical_1_max_sum,35539
new_mer_min_active_months_mean_mean,35539
new_mer_max_active_months_min_sum,35539
new_mer_min_active_months_max_sum,35539
new_mer_avg_active_months_skew_sum,35539
new_mer_avg_purchases_lag12_min_mean,35539
new_mer_avg_purchases_lag12_mean_sum,35539
new_mer_avg_purchases_lag12_mean_mean,35539
new_mer_avg_purchases_lag12_max_sum,35539
new_mer_avg_purchases_lag12_max_mean,35539
new_mer_avg_numerical_var_sum,35539
new_mer_avg_numerical_sum_sum,35539
new_mer_avg_numerical_sum_mean,35539
new_mer_avg_numerical_skew_sum,35539
new_mer_avg_numerical_min_sum,35539
new_mer_avg_numerical_min_mean,35539
new_mer_avg_numerical_mean_sum,35539
new_mer_avg_numerical_mean_mean,35539
new_mer_avg_numerical_max_sum,35539
new_mer_avg_numerical_max_mean,35539
new_mer_avg_active_months_var_sum,35539
new_mer_avg_active_months_sum_sum,35539
new_mer_avg_purchases_lag12_min_sum,35539
new_mer_avg_purchases_lag12_skew_sum,35539
new_mer_avg_purchases_lag12_sum_mean,35539
new_mer_avg_purchases_lag3_sum_mean,35539
new_mer_avg_purchases_lag6_min_mean,35539
new_mer_avg_purchases_lag6_mean_sum,35539
new_mer_avg_purchases_lag6_mean_mean,35539
new_mer_avg_purchases_lag6_max_sum,35539
new_mer_avg_purchases_lag6_max_mean,35539
new_mer_avg_purchases_lag3_var_sum,35539
new_mer_avg_purchases_lag3_sum_sum,35539
new_mer_avg_purchases_lag3_skew_sum,35539
new_mer_avg_purchases_lag12_sum_sum,35539
new_mer_avg_purchases_lag3_min_sum,35539
new_mer_avg_purchases_lag3_min_mean,35539
new_mer_avg_purchases_lag3_mean_sum,35539
new_mer_avg_purchases_lag3_mean_mean,35539
new_mer_avg_purchases_lag3_max_sum,35539
new_mer_avg_purchases_lag3_max_mean,35539
new_mer_avg_purchases_lag12_var_sum,35539
new_mer_avg_active_months_sum_mean,35539
new_mer_avg_active_months_min_sum,35539
new_hour_nunique,35539
new_mer_avg_active_months_min_mean,35539
new_mer_active_months_lag3_mean_sum,35539
new_mer_active_months_lag3_mean_mean,35539
new_mer_active_months_lag3_max_sum,35539
new_mer_active_months_lag3_max_mean,35539
new_mer_active_months_lag12_var_sum,35539
new_mer_active_months_lag12_sum_sum,35539
new_mer_active_months_lag12_sum_mean,35539
new_mer_active_months_lag12_skew_sum,35539
new_mer_active_months_lag12_min_sum,35539
new_mer_active_months_lag12_min_mean,35539
new_mer_active_months_lag12_mean_sum,35539
new_mer_active_months_lag12_mean_mean,35539
new_mer_active_months_lag12_max_sum,35539
new_mer_active_months_lag12_max_mean,35539
new_last_buy,35539
new_is_holiday_sum,35539
new_is_holiday_mean,35539
new_mer_active_months_lag3_min_mean,35539
new_mer_active_months_lag3_min_sum,35539
new_mer_active_months_lag3_skew_sum,35539
new_mer_active_months_lag6_skew_sum,35539
new_mer_avg_active_months_mean_sum,35539
new_mer_avg_active_months_mean_mean,35539
new_mer_avg_active_months_max_sum,35539
new_mer_avg_active_months_max_mean,35539
new_mer_active_months_lag6_var_sum,35539
new_mer_active_months_lag6_sum_sum,35539
new_mer_active_months_lag6_sum_mean,35539
new_mer_active_months_lag6_min_sum,35539
new_mer_active_months_lag3_sum_mean,35539
new_mer_active_months_lag6_min_mean,35539
new_mer_active_months_lag6_mean_sum,35539
new_mer_min_active_months_max_mean,35539
new_mer_active_months_lag6_max_sum,35539
new_mer_active_months_lag6_max_mean,35539
new_mer_active_months_lag3_var_sum,35539
new_mer_active_months_lag3_sum_sum,35539
new_mer_avg_purchases_lag6_min_sum,35539
new_mer_avg_purchases_lag6_skew_sum,35539
new_mer_avg_purchases_lag6_sum_mean,35539
new_mer_avg_purchases_lag6_sum_sum,35539
new_mer_category_2_3_mean_sum,35539
new_mer_category_2_3_mean_mean,35539
new_mer_category_2_2_sum_sum,35539
new_mer_category_2_2_sum_mean,35539
new_mer_category_2_2_mean_sum,35539
new_mer_category_2_2_mean_mean,35539
new_mer_category_2_1_sum_sum,35539
new_mer_category_2_1_sum_mean,35539
new_mer_category_2_1_mean_sum,35539
new_mer_category_2_1_mean_mean,35539
new_mer_category_2_-1_sum_sum,35539
new_mer_category_2_-1_sum_mean,35539
new_mer_category_2_-1_mean_sum,35539
new_mer_category_2_-1_mean_mean,35539
new_mer_category_1_sum_sum,35539
new_mer_category_1_sum_mean,35539
new_mer_category_1_mean_sum,35539
new_mer_category_2_3_sum_mean,35539
new_mer_category_2_3_sum_sum,35539
new_mer_category_2_4_mean_mean,35539
new_mer_category_4_sum_mean,35539
new_mer_max_active_months_mean_sum,35539
new_mer_max_active_months_mean_mean,35539
new_mer_max_active_months_max_sum,35539
new_mer_max_active_months_max_mean,35539
new_mer_city_id_nunique_sum,35539
new_mer_city_id_nunique_mean,35539
new_mer_category_4_sum_sum,35539
new_mer_category_4_mean_sum,35539
new_mer_category_2_4_mean_sum,35539
new_mer_category_4_mean_mean,35539
new_mer_category_2_5_sum_sum,35539
new_mer_category_2_5_sum_mean,35539
new_mer_category_2_5_mean_sum,35539
new_mer_category_2_5_mean_mean,35539
new_mer_category_2_4_sum_sum,35539
new_mer_category_2_4_sum_mean,35539
new_mer_category_1_mean_mean,35539
new_mer_avg_sales_var_sum,35539
new_mer_avg_sales_sum_sum,35539
new_mer_avg_purchases_sum_mean,35539
new_mer_avg_sales_lag12_sum_mean,35539
new_mer_avg_sales_lag12_skew_sum,35539
new_mer_avg_sales_lag12_min_sum,35539
new_mer_avg_sales_lag12_mean_sum,35539
new_mer_avg_sales_lag12_max_sum,35539
new_mer_avg_purchases_var_sum,35539
new_mer_avg_purchases_sum_sum,35539
new_mer_avg_purchases_skew_sum,35539
new_mer_avg_sales_lag12_var_sum,35539
new_mer_avg_purchases_min_sum,35539
new_mer_avg_purchases_min_mean,35539
new_mer_avg_purchases_mean_sum,35539
new_mer_avg_purchases_mean_mean,35539
new_mer_avg_purchases_max_sum,35539
new_mer_avg_purchases_max_mean,35539
new_mer_avg_purchases_lag6_var_sum,35539
new_mer_avg_sales_lag12_sum_sum,35539
new_mer_avg_sales_lag3_max_sum,35539
new_mer_avg_sales_sum_mean,35539
new_mer_avg_sales_lag6_skew_sum,35539
new_mer_avg_sales_skew_sum,35539
new_mer_avg_sales_min_sum,35539
new_mer_avg_sales_mean_sum,35539
new_mer_avg_sales_max_sum,35539
new_mer_avg_sales_lag6_var_sum,35539
new_mer_avg_sales_lag6_sum_sum,35539
new_mer_avg_sales_lag6_sum_mean,35539
new_mer_avg_sales_lag6_min_sum,35539
new_mer_avg_sales_lag3_mean_sum,35539
new_mer_avg_sales_lag6_mean_sum,35539
new_mer_avg_sales_lag6_max_sum,35539
new_mer_avg_sales_lag3_var_sum,35539
new_mer_avg_sales_lag3_sum_sum,35539
new_mer_avg_sales_lag3_sum_mean,35539
new_mer_avg_sales_lag3_skew_sum,35539
new_mer_avg_sales_lag3_min_sum,35539
new_installments_sum,35539
new_mer_active_months_lag6_mean_mean,35539
new_hour_min,35539
new_mer_max_purchases_min_sum,35539
new_Children_day_2017_mean,35539
new_CLV,35539
new_Black_Friday_2017_sum,35539
new_Black_Friday_2017_mean,35539
new_mer_max_active_months_sum_sum,35539
new_mer_max_active_months_sum_mean,35539
new_mer_max_active_months_skew_sum,35539
new_mer_max_active_months_var_sum,35539
new_mer_max_purchases_max_mean,35539
new_mer_max_purchases_max_sum,35539
new_mer_max_purchases_mean_mean,35539
new_mer_max_purchases_mean_sum,35539
new_mer_max_purchases_min_mean,35539
new_hour_mean,35539
new_mer_max_active_months_min_mean,35539
new_Christmas_Day_2017_mean,35539
new_mer_max_purchases_skew_sum,35539
new_mer_max_purchases_sum_mean,35539
new_mer_max_purchases_sum_sum,35539
new_mer_merchant_group_id_nunique_sum,35539
new_mer_merchant_group_id_nunique_mean,35539
new_mer_merchant_category_id_nunique_sum,35539
new_mer_merchant_category_id_nunique_mean,35539
new_mer_max_sales_var_sum,35539
new_mer_max_sales_sum_sum,35539
new_mer_max_sales_sum_mean,35539
new_mer_max_sales_skew_sum,35539
new_mer_max_purchases_var_sum,35539
new_mer_max_sales_min_sum,35539
new_mer_max_sales_max_sum,35539
new_Children_day_2017_sum,35539
new_mer_max_sales_mean_sum,35539
new_Christmas_Day_2017_sum,35539
new_card_id_count,35539
new_category_2_sum,35539
new_category_2_mean_mean,35539
new_category_2_mean,35539
new_Mothers_Day_2017_mean,35539
new_category_3_sum,35539
new_day_max,35539
new_day_mean,35539
new_day_min,35539
new_category_1_sum,35539
new_day_nunique,35539
new_duration_max,35539
new_category_1_min,35539
new_category_1_mean,35539
new_category_3_mean_mean,35539
new_card_id_size,35539
new_duration_mean,35539
new_duration_min,35539
new_Mothers_Day_2017_sum,35539
new_hour_max,35539
new_Mothers_Day_2018_mean,35539
new_first_buy,35539
new_Mothers_Day_2018_sum,35539
new_Valentine_Day_2017_mean,35539
new_fathers_day_2017_sum,35539
new_Valentine_Day_2017_sum,35539
new_amount_month_ratio_max,35539
new_amount_month_ratio_min,35539
new_fathers_day_2017_mean,35539
new_duration_sum,35539
new_category_3_mean,35539
first_active_month,1
quarter,1
days_feature3_ratio,1
elapsed_time,1
days_feature2_ratio,1
days_feature2,1
days_feature1_ratio,1
days_feature1,1
days_feature3,1
month_1,0
month_3,0
weekofyear_26,0
weekofyear_23,0
month_2,0
month_12,0
weekofyear_27,0
month_10,0
hist_purchase_date_min,0
month_0,0
index,0
hist_purchase_date_max,0
weekofyear_22,0
weekofyear_18,0
weekofyear_17,0
weekofyear_14,0
weekofyear_13,0
month_11,0
weekofyear_49,0
weekofyear_31,0
weekofyear_9,0
dayofweek_2,0
dayofweek_1,0
dayofweek_0,0
weekofyear_5,0
weekofyear_52,0
weekofyear_53,0
year_0,0
dayofweek_4,0
year_2011,0
year_2012,0
year_2013,0
year_2014,0
year_2015,0
year_2016,0
dayofweek_3,0
dayofweek_5,0
weekofyear_35,0
feature_max,0
weekofyear_36,0
weekofyear_39,0
feature_var,0
feature_sum,0
feature_min,0
feature_mean,0
feature_3,0
dayofweek_6,0
feature_2,0
feature_1,0
weekofyear_40,0
weekofyear_44,0
weekofyear_48,0
month_5,0
month_4,0
month_year_11_2017,0
month_6,0
month_year_5_2013,0
month_year_6_2015,0
month_year_6_2014,0
month_year_6_2013,0
month_year_6_2012,0
month_year_5_2017,0
month_year_5_2016,0
month_year_5_2015,0
month_year_5_2014,0
month_year_5_2012,0
month_year_6_2017,0
month_year_4_2017,0
month_year_4_2016,0
month_year_4_2015,0
month_year_4_2014,0
month_year_4_2013,0
month_year_4_2012,0
month_year_3_2017,0
month_year_3_2016,0
month_year_6_2016,0
month_year_7_2012,0
month_7,0
month_year_8_2017,0
new_purchase_date_max,0
new_purchase_date_min,0
month_year_9_2017,0
month_year_9_2016,0
month_year_9_2015,0
month_year_9_2014,0
month_year_9_2013,0
month_year_9_2012,0
month_year_8_2016,0
month_year_7_2013,0
month_year_8_2015,0
month_year_8_2014,0
month_year_8_2013,0
month_year_8_2012,0
month_year_7_2017,0
month_year_7_2016,0
month_year_7_2015,0
month_year_7_2014,0
month_year_3_2015,0
month_year_3_2014,0
month_year_3_2013,0
month_year_10_2017,0
month_year_12_2012,0
month_year_12_2011,0
month_year_11_2016,0
month_year_11_2015,0
month_year_11_2014,0
month_year_11_2013,0
month_year_11_2012,0
month_year_11_2011,0
month_year_10_2016,0
month_year_3_2012,0
month_year_10_2015,0
month_year_10_2014,0
month_year_10_2013,0
month_year_10_2012,0
month_year_0_0,0
year_2017,0
month_9,0
month_8,0
month_year_12_2013,0
month_year_12_2014,0
month_year_12_2015,0
month_year_12_2016,0
weekofyear_0,0
month_year_2_2018,0
weekofyear_1,0
month_year_2_2017,0
month_year_2_2016,0
month_year_2_2015,0
month_year_2_2014,0
month_year_2_2013,0
month_year_2_2012,0
month_year_1_2018,0
month_year_1_2017,0
month_year_1_2016,0
month_year_1_2015,0
month_year_1_2014,0
month_year_1_2013,0
month_year_1_2012,0
month_year_12_2017,0
year_2018,0
